,final_simplex,fun,message,nfev,nit,status,success,x
0,"(array([[ 1.01830599,  0.01000001,  0.03612728, -0.87985261,  0.01006881],
       [ 1.01830586,  0.01000001,  0.03612712, -0.87985261,  0.01006943],
       [ 1.01830559,  0.01      ,  0.03612625, -0.87985263,  0.01007248],
       [ 1.01830578,  0.01000002,  0.03612707, -0.87985261,  0.01006996],
       [ 1.01830569,  0.01000002,  0.03612654, -0.87985262,  0.01007194],
       [ 1.01830574,  0.01000003,  0.03612702, -0.87985262,  0.01007035]]), array([633.80816733, 633.80830017, 633.80868009, 633.80983032,
       633.8106008 , 633.81078098]))",633.8081673337598,Maximum number of function evaluations has been exceeded.,1000,585,1,False,[ 1.01830599  0.01000001  0.03612728 -0.87985261  0.01006881]
