,final_simplex,fun,message,nfev,nit,status,success,x
0,"(array([[ 0.1953616 ,  0.08604719,  0.71715877, -0.80579369,  0.1146913 ,
         1.93802384,  0.10318647,  0.5057619 , -0.83052724,  0.1136617 ],
       [ 0.20367203,  0.09266593,  0.74210099, -0.80957623,  0.11064796,
         1.84829048,  0.1038451 ,  0.51882897, -0.84019367,  0.10975564],
       [ 0.2175038 ,  0.09187753,  0.73211135, -0.79886761,  0.1116353 ,
         1.93686163,  0.1042604 ,  0.50301757, -0.81700341,  0.1109753 ],
       [ 0.20312981,  0.09546845,  0.75084365, -0.80219164,  0.10863185,
         1.96060752,  0.10224028,  0.5030578 , -0.86071971,  0.10805985],
       [ 0.19655484,  0.09690884,  0.75217891, -0.80265864,  0.10717316,
         1.97928328,  0.10242116,  0.53547901, -0.81176611,  0.10717316],
       [ 0.20127996,  0.098932  ,  0.73932088, -0.79184407,  0.10574187,
         1.92856473,  0.10581137,  0.50062661, -0.83700218,  0.10954187],
       [ 0.20106663,  0.09911   ,  0.74943407, -0.79320339,  0.10978489,
         1.94047061,  0.10484281,  0.50052217, -0.83083515,  0.10378489],
       [ 0.19922219,  0.098425  ,  0.79119506, -0.78766949,  0.10732074,
         1.93372551,  0.10320234,  0.49626848, -0.81902929,  0.10732074],
       [ 0.20310445,  0.09335222,  0.76765184, -0.78939699,  0.10485222,
         1.94878208,  0.10485222,  0.49852112, -0.83881779,  0.10485222],
       [ 0.20322863,  0.10108631,  0.76635791, -0.78897287,  0.10504631,
         1.94673336,  0.09904631,  0.49846196, -0.8227705 ,  0.10504631],
       [ 0.20041835,  0.09957558,  0.7711495 , -0.83054345,  0.10432758,
         1.95432004,  0.10212758,  0.48951436, -0.8135006 ,  0.10432758]]), array([5.36963653, 5.42195485, 5.50093515, 5.53034469, 5.60021867,
       5.61500445, 5.62354335, 5.66245953, 5.73166218, 5.760413  ,
       5.76892525]))",5.369636532929455,Maximum number of iterations has been exceeded.,35,20,2,False,"[ 0.1953616   0.08604719  0.71715877 -0.80579369  0.1146913   1.93802384
  0.10318647  0.5057619  -0.83052724  0.1136617 ]"
